s_no,Brand_Name,Discounted Price,Actual Price,saving_percentage,core,ssd,model,extra_information
0,Apple,203499,258000.0,21,M1,No SSD,MacBook Air 13 M1 MGN63,8GB-256GB
1,Apple,281999,350000.0,19,M4,No SSD,Macbook Air 13 MW123 M4 Chip,Not Specified
2,ASUS,285999,330000.0,13,Ultra 7,16GB-512GB SSD,Zenbook 14 UX3405CA Intel Core Ultra 7 255H,16GB-512GB SSD
3,Lenovo,287999,340000.0,15,Ultra 7,No SSD,ThinkPad E16 Gen 2 - Intel Core Ultra 7,16GB-512GB
4,Lenovo,146999,175000.0,16,Ryzen 7,No SSD,IdeaPad Slim 3 Ryzen 7,8GB-512GB
5,HP,115999,144999.0,20,Core i7,8GB-512GB SSD,250 G10 Ci3 N305,8GB-512GB SSD
6,Dell,169999,249999.0,32,Core i7,8GB-256GB SSD,Latitude 3540 Ci5-1335U  15.6 FHD,8GB-256GB SSD
7,Dell,343999,415000.0,17,Core i7,No SSD,Latitude 15 5540 15.6 Inches 13th Gen Core i7 DOS,8GB - 512GB
8,Dell,251999,320000.0,21,Core i7,No SSD,Latitude 15 3540 15.6 Inches 13th Gen Core i7 DOS,8GB - 512GB
9,Lenovo,134999,174999.0,23,Core i5,No SSD,IdeaPad Slim 3 Core i5 13th Gen,Not Specified
10,HP,179999,200000.0,10,Core i5,No SSD,Probook 450 G10 Core i5 13th Gen 1335U,Not Specified
11,Lenovo,277999,300000.0,7,Core i7,No SSD,ThinkPad E16 G1 14 Inches 13th Gen Core i7,8GB - 512GB
12,Lenovo,324999,380000.0,14,Core i7,No SSD,LOQ 15  Inches 13th Gen Core i7,16GB - 512GB
13,HP,160999,180000.0,11,Core i7,No SSD,15s FQ2653TU 11th Gen  Core i7,8GB-512GB
14,HP,365999,390000.0,6,Core i7,No SSD,OMEN 16-WD0073dx Ci7-13620H  RTX-4060-8GB,16GB - 1TB
15,HP,469999,520000.0,10,Ultra 7,No SSD,Spectre 16-AA0013dx Ultra 7 155U  16WQXGA,16GB 1TB
16,HP,251999,310000.0,19,Ultra 7,No SSD,ProBook 460 G11 Notebook PC | Intel® Core™ Ultra 7 Processor 155U,8GB-512GB
17,HP,419999,499999.0,16,Core i7,No SSD,OMEN 16-AP0167AX R9-8940HX  RTX-5060-8GB,16GB - 512GB
18,Lenovo,244999,295000.0,17,Ultra 5,No SSD,ThinkPad E14 Intel Core Ultra 5,8GB-512GB
19,HP,143999,180000.0,20,Core i7,512GB SSD,15-FD0499NIA Ci5-1334U,8GB 512GB SSD
20,HP,187999,250000.0,25,Core i5,No SSD,Probook 440 G10 13th Gen Core i5-1335U,Not Specified
21,HP,411999,450000.0,8,Core i7,No SSD,Envy 16 H1010TX Gen 13th Core i7,Not Specified
22,Dell,181999,250000.0,27,Core i7,No SSD,Inspiron 14 7440 2 in 1 Intel Core 5 120U,Not Specified
23,HP,252999,280000.0,10,Ultra 5,No SSD,Elitebook 640 G11 Ultra 5 125U,Not Specified
24,HP,519999,550000.0,5,Ultra 7,No SSD,Spectre 14-EU0000 Ultra 7  OLED Plus HP PEN,"32GB, 2TB SSD"
25,Infinix,119999,129999.0,8,Core i3,No SSD,INBOOK Air,XL442
27,HP,179999,199999.0,10,Core i5,8GB-512GB SSD,Probook 450 G10 Raptor Lake 13th Gen Core i5 1334U 8GB-512GB SSD,Not Specified
28,Acer,260999,289999.0,10,Core i7,16GB-512GB SSD,Nitro V15 13th Gen Core i7-13620H,16GB-512GB SSD
29,DELL,359999,379999.0,5,Ultra 7,8GB-512GB SSD,LATTITUDE 5550 14TH GEN Core Ultra 7 155U,8GB-512GB SSD
30,LENOVO,267999,280000.0,4,Core i7,8GB-512GB SSD,THINKPAD E14 G4 13TH GEN Intel Core I7 1355U,8GB-512GB SSD
31,Lenovo,431999,450000.0,4,Core i7,No SSD,legion 5 14th core i7 14650hx  DOS,16GB-1TB
32,Dell,249999,304999.0,18,Core i7,8GB-512GB SSD,Latitude 3550 Raptor Lake 13th Gen Core i7 1355U,8GB-512GB SSD
33,HP,215999,270000.0,20,M0,16GB-512GB SSD,OmniBook 14 FM0013DX Core Ultra 5 226V,16GB-512GB SSD
34,LENOVO,401999,449000.0,10,Core i7,No SSD,LOQ 15 CI7-14650HX,Not Specified
35,HP,259999,290000.0,10,M0,No SSD,OmniBook X Flip 14-FM0023DX Core Ultra 7 256V,16GB-1TB SSD
36,ASUS,319999,365000.0,12,Core i7,16GB-512GB SSD,TUF GAMING F15-FX507VU Ci7-13620H  RTX 4050 6GB,16GB-512GB SSD
37,Lenovo,992999,1040000.0,5,Ultra 9,No SSD,Legion Pro 7 Ultra 9-275HX  RTX 5070Ti 12GB 240Hz,32GB-2TB SSD
38,ASUS,444999,475000.0,6,Core i7,No SSD,TUF F16 FX608JMR Ci7 14650HX  RTX 5060 8GB,32GB-1TB SSD
39,Lenovo,167999,200000.0,16,Ryzen 5,16GB-512GB SSD,ThinkBook 16 G7 Ryzen 5-7533HS,16GB-512GB SSD
40,Lenovo,493999,550000.0,10,Ultra 9,No SSD,Legion 5 16IAX10 Core Ultra 9-275HX  RTX 5060 8GB,32GB-1TB SSD
41,HP,145999,200000.0,27,Core i7,8GB-512GB SSD,15-FD0647TU Ci5-1334U,8GB-512GB SSD
42,HP,504999,545000.0,7,Core i7,No SSD,OMNIBOOK ULTRA FLIP 14-FH0033DX ULTRA 9-288V,32GB-2TB SSD
43,HP,194999,219999.0,11,Ryzen 5,512GBSSD,Laptop EQ2180AU 15.6 Inches AMD Ryzen 5,8GB RAM - 512GBSSD
44,Lenovo,242999,299999.0,19,Core i7,No SSD,ThinkPad E15 G4 15.6 Inches 12th Gen Core i7 Backlit Keyboard DOS,8GB - 512GB
45,HP,194999,299999.0,35,Core i7,No SSD,Probook 450 G9 15.6 Inches 12th Gen Core i7 DOS  Local,8GB - 512GB
46,HP,199999,299999.0,33,Core i5,No SSD,Pavilion X360 14 EK1055TU 14 Inches 13th Gen Core i5 Win 11 Home,8GB - 512GB
47,HP,258999,324999.0,20,Core i5,No SSD,Pavilion 15 EG3002TX 15.6 Inches 13th Gen Core i5 Win 11,8GB - 512GB
48,HP,409999,449999.0,9,Core i5,No SSD,Envy 16 H1008TX 16 Inches 13th Gen Core i5 Win 11,16GB - 512GB
49,Apple,554999,600000.0,8,M3,No SSD,Macbook Pro MRX33 M3 Pro 14  Black,18GB-512GB
50,Apple,354999,400000.0,11,M2,No SSD,MACBOOK AIR 13.6” M2 CHIP MLY43 8-512GB,Not Specified
51,Lenovo,161599,225000.0,28,Core i7,No SSD,ThinkBook16 - Ci5-1335U,8GB 512GB
52,HP,464999,480000.0,3,Ultra 7,No SSD,Spectre 14-EU0008NI Ultra 7  Oled Plus HP PEN,16GB 1TB
53,HP,187999,200000.0,6,Core i5,No SSD,ProBook 440 G10 13th Gen Core i5 14 inches,8GB-512GB
54,HP,169999,200000.0,15,Core i7,8GB-512GB SSD,ENVY 14-ES1013DX 14th Gen Core 5 120U  x360 Touch,8GB-512GB SSD
55,Lenovo,285999,310000.0,8,Core i7,No SSD,ThinkPad E14 G5 13th Gen Core i7 1355U,8GB-512GB
56,HP,346999,380000.0,9,Core i7,No SSD,Spectre 2-in-1 X360 16-F2013DX 13th Gen Core i7,Not Specified
57,Dell,142999,180000.0,21,Core i5,No SSD,Vostro 15 3530 13th Gen Core i5 1334u,Not Specified
58,Lenovo,243999,275000.0,11,Ultra 5,No SSD,ThinkPad E16 Gen 2 - Intel Core Ultra 5,8GB-512GB
59,Lenovo,388999,400000.0,3,Core i7,No SSD,Thinkpad  T14 13th Gen Core I7 DOS,Not Specified
60,HP,227999,275000.0,17,Ultra 7,No SSD,Probook 440 G11 Ultra 7 155u,Not Specified
61,Infinix,159999,169999.0,6,Core i5,No SSD,INBOOK Y3H Plus,YL513H
62,HP,244999,288999.0,15,Core i7,No SSD,VICTUS 15-FB3093DX  R7-7445HS  RTX-4050-6GB,16GB 512GB
63,HP,217999,255000.0,15,Core i7,No SSD,OMNIBOOK 14 FP0023DX Core 7 150U,16GB-512GB
64,Lenovo,199999,224999.0,11,Ultra 5,No SSD,IdeaPad Slim 5 Ultra 5 125H  DOS,16GB-512GB
65,Lenovo,256999,280000.0,8,Ultra 7,No SSD,IdeaPad Slim 5 Ultra 7 155H  DOS,16GB-512GB
66,Lenovo,324999,355000.0,8,Core i7,No SSD,loq 15 13th Core i7 13650hx  DOS,24GB-512GB
67,HP,110999,119000.0,7,Core i3,No SSD,Laptop 15-FD0532NIA Intel Core i3-1315U 13th Gen,4GB-256GB
68,LENOVO,300999,349000.0,14,Core i7,No SSD,LOQ 15 Ci7 13650HX,Not Specified
69,LENOVO,376999,424999.0,11,Core i7,No SSD,LOQ 15 Core i7 14650HX,Not Specified
70,HP,101999,149000.0,32,Core i7,256GB SSD,15S-FQ5000NIA Ci3-1215U,"4GB, 256GB SSD"
71,Lenovo,381999,429999.0,11,Core i7,No SSD,Legion 5 Ci7-14650HX  RTX 4050 6GB,16GB-1TB SSD
72,Lenovo,696999,745000.0,6,Ultra 9,No SSD,Legion Pro 5 Ultra 9-275HX  RTX 5070 8GB,32GB-1TB SSD
73,ASUS,359999,400000.0,10,Core i7,16GB-512GB SSD,TUF GAMING F15-FX507VV Ci7-13620H  RTX 4060 8GB,16GB-512GB SSD
74,ASUS,501999,549000.0,9,Core i7,No SSD,TUF GAMING A14 FA-401WU RYZEN AI 9 HX370  RTX 4050 6GB,32GB-1TB SSD
75,ASUS,169999,230000.0,26,Core i7,8GB-512GB SSD,EXPERTBOOK B3402FBA Ci5 1235U,8GB-512GB SSD
76,Asus,209999,260000.0,19,Core i7,16GB-512GB SSD,ExpertBook B3402FVA Ci7 1355U,16GB-512GB SSD
77,Lenovo,293999,340000.0,14,Ultra 7,16GB-512GB SSD,ThinkPad E16 G3 Ultra 7 255H,16GB-512GB SSD
78,Dell,645999,750000.0,14,Ultra 9,No SSD,Alienware 16X Aurora AC16251 Ultra 9-275HX  RTX 5070 8GB,16GB-1TB SSD
79,HP,139999,170000.0,18,Core i7,8GB-512GB SSD,15 FD0647TU 13th Generation Ci5-1334U,8GB-512GB SSD
80,HP,403999,445000.0,9,Core i7,No SSD,OMNIBOOK X FLIP 16-AS0043DX ULTRA 9-288V,32GB-2TB SSD
81,Lenovo,230999,309999.0,25,Core i7,No SSD,ThinkPad E14 G4 14 Inches 12th Gen Core i7 DOS,8GB - 512GB
82,HP,199999,239999.0,17,Core i5,No SSD,ProBook 450 G9 15.6 Inches 12th Gen Core i5 DOS,8GB - 512GB
83,HP,179999,210000.0,14,Core i5,No SSD,ProBook 450 G9 15.6 Inches 12th Gen Core i5 Backlit Keyboard DOS,Not Specified
84,HP,186999,259999.0,28,Core i7,No SSD,ProBook 450 G9 15.6 Inches 12th Gen Core i7 DOS  International,8GB - 512GB
85,Lenovo,204999,219999.0,7,Core i5,No SSD,Thinkbook 15 G2 1135G7 15.6 Inches 11th Gen Core i5 DOS,8GB - 1TB
86,HP,191999,234999.0,18,Ryzen 5,No SSD,15s FC0100AU 15.6 Inches AMD Ryzen 5 7520U Win 11,8GB - 512GB
87,Lenovo,132999,199999.0,34,Core i7,512GB SSD,V15 G3-Ci5 12th,8GB 512GB SSD
88,HP,148999,185000.0,19,Core i5,8GB-512GB SSD,250 G10 Raptor Lake 13th Gen Core i5,8GB-512GB SSD
89,HP,214999,240000.0,10,Core i7,No SSD,Probook 450 G10 13th Gen Core i7,8GB-512GB
90,Lenovo,127999,200000.0,36,Core i7,8GB-512GB SSD,ThinkBook 16 Ci3-1305U,8GB-512GB SSD
91,Lenovo,165488,200000.0,17,Core i5,No SSD,ThinkbooK 14 13th Core i5,Not Specified
92,Lenovo,225999,300000.0,25,Core i7,No SSD,Thinkbook 14 14th Gen Core 7 8GB/512GB,Not Specified
93,Lenovo,145999,150000.0,3,Core i5,No SSD,V15 G4 Core i5 13th Generation,Not Specified
94,HP,247999,300000.0,17,Core i7,No SSD,EliteBook 640 G10 13th Gen Core i7 14 inches,16GB-512GB
95,Lenovo,168999,200000.0,16,Core i7,No SSD,Ideapad Slim 3 13th Gen Core i7 DOS,16GB-512GB
96,Lenovo,237999,250000.0,5,Core i5,No SSD,ThinkPad E16 G1 14 Inches 13th Gen Core i5,8GB - 512GB
97,Lenovo,237999,250000.0,5,Core i5,No SSD,ThinkPad E16 G1 15.6 Inches 13th Gen Core i5,8GB - 512GB
98,HP,199999,230000.0,13,Core i5,No SSD,EliteBook 640 G10 13th Gen Core i5 14 inches,8GB-512GB
99,HP,233999,250000.0,6,Core i7,No SSD,ENVY x360 14 ES1023dx 14th Gen Core 7,16GB-512GB
100,HP,141999,200000.0,29,Core i7,No SSD,Laptop 15-fd0356nia  Core™ i5 DOS,8GB-512GB
101,Lenovo,261999,370000.0,29,Ultra 7,No SSD,Yoga 7 2 in 1 16 - Intel Core Ultra 7,16GB-1TB
102,Dell,171999,200000.0,14,Core i7,8GB-256GB SSD,Latitude 3540 Ci5-1335U,8GB-256GB SSD
103,Dell,221999,290000.0,23,Core i7,No SSD,Inspiron 14-7440 CORE7 150U,Not Specified
104,ASUS,181999,200000.0,9,Core i7,16GB-512GB SSD,EXPERTBOOK B1503CVA Ci7 1355U,16GB-512GB SSD
105,HP,216999,235000.0,8,Ultra 5,No SSD,PROBOOK 440 G11 Ultra 5 125u,Not Specified
106,Lenovo,251999,280000.0,10,Ultra 7,8GB-512GB SSD,ThinkBook 16 Ultra 7 255H,8GB-512GB SSD
107,HP,433999,460000.0,6,Core i7,No SSD,OMEN 16-AE0073CL Ci7-14650HX  RTX-4060-8GB,32GB - 1TB
108,ASUS,378999,399999.0,5,Core i7,No SSD,ROG STRIX G614J 13TH CI7 13650HX,32GB-1TB SSD
109,Dell,327999,369999.0,11,Ultra 7,8GB-512GB SSD,Latitude 5450 14th Gen Core Ultra 7,8GB-512GB SSD
110,DELL,304999,340000.0,10,Ultra 5,8GB-512GB SSD,LATTITUDE 5550 14TH GEN Core Ultra 5 125U,8GB-512GB SSD
111,Lenovo,221999,250000.0,11,Core i513420,No SSD,IdeaPad Slim 5 2in1 Core i513420H  DOS,16GB-512GB
112,HP,133999,140500.0,5,Ryzen 5,No SSD,15S FC0298AU Notebook AMD Ryzen 5 7430U,Not Specified
113,ASUS,389999,499999.0,22,Ultra 9,No SSD,Zenbook 14 UX3405C Intel Core Ultra 9 285H,32GB-1TB SSD
114,HP,259999,290000.0,10,Ultra 7,No SSD,OMNIBOOK  X Flip 16-AS0023DX Core Ultra 7 256V,16GB 1TB SSD
115,LENOVO,629999,699999.0,10,Core i7,No SSD,LEGION PRO 5 Ci9-14900HX  RTX 4070 8GB,32GB-1TB SSD
116,Lenovo,622999,670000.0,7,Ultra 7,No SSD,Legion Pro 5 Ultra 7-255HX  RTX 5060 8GB,32GB-1TB SSD
117,ASUS,327999,375000.0,13,Core i7,16GB-512GB SSD,TUF GAMING F17 FX707VU Ci7-13620H  RTX 4050 6GB,16GB-512GB SSD
118,ACER,995999,1050000.0,5,Ultra 9,No SSD,PREDATOR HELIOS 18 AI Core Ultra 9 275HX  RTX 5080 16GB,64GB-1TB SSD
119,ASUS,449999,570000.0,21,Core i7,No SSD,ROG STRIX G16 G615JMR Ci7 14650HX  RTX 5060 8GB,16GB-1TB SSD
120,Asus,194999,245000.0,20,Core i7,No SSD,Expertbook B1403CVA Ci7 13620H,16GB-1TB SSD
121,Lenovo,244999,300000.0,18,Core i7,8GB-512GB SSD,ThinkPad E14 G8 U5-225H,8GB-512GB SSD
122,Lenovo,414999,485000.0,14,Ultra 7,16GB-512GB SSD,ThinkPad T14 G6 Ultra 7 225U,16GB-512GB SSD
123,Acer,502999,599999.0,16,Core i7,No SSD,Predator Helios Neo 16 AI PHN16-73-97SP Gaming Notebook,16GB-1TB SSD
124,ASUS,549999,600000.0,8,Ultra 9,No SSD,TUF F16 FX608LM Ultra 9-275HX  RTX 5060 8GB,32GB-1TB SSD
125,Asus,149999,200000.0,25,Core i7,8GB-512GB SSD,VivoBook 15 x1504VA Ci5 1335U,8GB-512GB SSD
126,Lenovo,599999,650000.0,8,Core i7,No SSD,Legion 5 Ci9-14900HX  RTX 5070 8GB,32GB-1TB SSD
127,HP,351999,380000.0,7,Core i7,16GB-512GB SSD,Victus 15-FA2787NR Core i7-13620H Gaming Laptop  RTX 5060 8GB,16GB-512GB SSD
128,HP,337999,390000.0,13,Core i7,16GB-512GB SSD,Victus 15-FA2209TX Ci7 14650HX  RTX-4050-6GB,16GB-512GB SSD
129,Apple,286999,299999.0,4,M4,No SSD,Macbook Air 13 MW0W3 M4,Not Specified
130,Lenovo,176999,249999.0,29,Core i7,No SSD,Thinkbook 15 G2 15.6 Inches 11th Gen Core i7 DOS,8GB - 256GB
131,Lenovo,202999,254999.0,20,Core i7,No SSD,Thinkbook 15 G2 15.6 Inches 11th Gen Core i7 DOS,8GB - 1TB
132,Lenovo,549999,609999.0,10,Ultra 7,32GB-512GB SSD,ThinkPad X1 Carbon G12 Ultra 7,32GB-512GB SSD
133,HP,339999,369999.0,8,Core i7,No SSD,Pavilion 15 EG3020TX 15.6 Inches 13th Gen Core i7 Win 11,16GB - 512GB
134,HP,357999,539999.0,34,Core i7,No SSD,VICTUS 15-FA2093DX Ci7-13620H  RTX 5060 8GB,16GB-1TB SSD
135,Lenovo,101999,129999.0,22,Core i3,No SSD,Ideapad Slim 3 13th Gen Core i3 DOS,Not Specified
136,ASUS,153999,200000.0,23,Core i7,16GB -512GB SSD,EXPERTBOOK B1503CVA Ci5-1334U,16GB -512GB SSD
137,ASUS,356999,400000.0,11,Core i7,No SSD,TUF FX507VV-Ci7-13620H  RTX 4060 8GB,16GB 1TB
138,Lenovo,229999,350000.0,34,Core i7,8GB-512GB SSD,Thinkbook 16 14th Core 7,8GB-512GB SSD
139,Lenovo,254999,300000.0,15,Core i7,No SSD,ThinkPad E16 G1 15.6 Inches 13th Gen Core i7,16GB - 512GB
140,Lenovo,243999,290000.0,16,Core i5,No SSD,ThinkPad E14 G5 13th Gen Core i5 1335u,8GB-512GB
141,HP,197999,250000.0,21,Ultra 5,No SSD,ProBook 460 G11 | Intel® Core™ Ultra 5,16GB-512GB
142,HP,144999,190000.0,24,Core i7,8GB-512GB SSD,15-FD0336TU Ci5-1334U,8GB-512GB SSD
143,Dell,172999,240000.0,28,Core i7,No SSD,Vostro 15 3530 Laptop Core™ i7-1355U,16GB-512GB
144,Lenovo,212999,230000.0,7,Ultra 5,16GB-512GB SSD,ThinkBook16 Ultra 5 225U,16GB-512GB SSD
145,Lenovo,198999,250000.0,20,Core i7,No SSD,Ideapad 5 13th Gen Core I7 DOS,Not Specified
146,Lenovo,181999,200000.0,9,Core i7,No SSD,Thinkbook 15G2 11th Gen Core I7 D0S,Not Specified
147,HP,186999,250000.0,25,Core i7,No SSD,Probook 450 G9 12th Gen Core i7 DOS,Not Specified
148,HP,221999,280000.0,21,Core i7,No SSD,Probook 440 G10 13th Gen Core i7 DOS,Not Specified
149,Dell,143999,200000.0,28,Core i5,No SSD,Inspiron 15 3530 13th Gen Core i5 1334u,Not Specified
150,LENOVO,261999,275000.0,5,Core i5,No SSD,LOQ 15 15IRX9 Core i5 13th Gen,Not Specified
151,Apple,352999,400000.0,12,M3,No SSD,MacBook Air MRXW3 M3 Chip,Not Specified
152,Infinix,422500,442999.0,5,Core i9,No SSD,GTBOOK 13th Generation Core i9 13900H 1TB-32GB,Not Specified
153,Dell,235999,264999.0,11,Core i7,No SSD,Inspiron 16 5640 Intel Core 7-150U,16GB-1TB SSD
154,Lenovo,195999,199999.0,2,Ultra 5,512GB SSD,Thinkbook 14 G7 14th Gen Core Ultra 5 125U,8GB DDR5 512GB SSD
155,Lenovo,235999,239999.0,2,Ultra 7,8GB-512GB SSD,Thinkbook 14 G7 14TH GEN Core Ultra 7 155H,8GB-512GB SSD
157,Lenovo,242999,250000.0,3,Ultra 5,8GB-512GB SSD,ThinkPad E14 G6 Intel Core Ultra 5 125U,8GB-512GB SSD
158,Acer,312999,325000.0,4,Core i9,16GB-512GB SSD,Nitro V15 13th Gen Core i9 13900H,16GB-512GB SSD
159,Apple,494999,600000.0,18,M3,8GB-512GB SSD,Macbook Pro M3 A2918,8GB-512GB SSD
160,Lenovo,99999,114999.0,13,Ryzen 3,8GB-256GB SSD,IdeaPad Slim 3 Ryzen 3 7320U DOS,8GB-256GB SSD
161,Lenovo,209999,229999.0,9,Core i7,16GB-512GB SSD,IdeaPad Slim 5 Core i7 13620H DOS,16GB-512GB SSD
162,ASUS,151999,179999.0,16,Core i5,8GB-512GB SSD,ExpertBook B1502CV 13th Gen Core i5 1355U,8GB-512GB SSD
163,Lenovo,396999,449999.0,12,Ultra 7,No SSD,Yoga 9 Intel Core Ultra 7,16GB-1TB SSD
164,Lenovo,1451999,1499900.0,3,Ultra 9,No SSD,Legion Pro 7 Ultra 9 275HX  RTX 5080 16GB 240Hz,64GB-2TB SSD
165,Lenovo,1552999,1599900.0,3,Ultra 9,No SSD,Legion Pro 7 Ultra 9 275HX  RTX 5090 24GB 240Hz,64GB-2TB SSD
166,HP,247999,285000.0,13,Ryzen 7,16GB-512GB SSD,Victus 15-FB3093DX AMD Ryzen 7-7445H  RTX 4050 6GB,16GB-512GB SSD
167,HP,327999,375000.0,13,Core i7,No SSD,Victus 16-R0042NE Ci7-13700H  RTX™ 4060 8GB,16GB-1TB SSD
168,Dell,147999,200000.0,26,Core i7,8GB-512GB SSD,15 DC15250 Ci5-1334U,8GB-512GB SSD
169,Apple,286999,299999.0,4,M4,No SSD,MacBook Air MC6T4 M4 Chip,Not Specified
170,Lenovo,226999,255000.0,11,Ryzen 5,12GB-512GB SSD,LOQ 15 Ryzen 5 7235HS  RTX 4050 6GB,12GB-512GB SSD
171,Lenovo,125499,149999.0,16,Core i3,4GB - 256GB SSD,V15 G3 15. 6 Inches 12th Gen Core i3 DOS,4GB - 256GB SSD
172,Lenovo,229999,260000.0,12,Core i5,No SSD,ThinkPad E14 G4 14 Inches 12th Gen Core i5 DOS,8GB - 512GB
173,Lenovo,181999,249999.0,27,Core i7,No SSD,V15 G3 15.6 Inches 12th Gen Core i7 DOS,8GB - 512GB
174,Lenovo,179999,199999.0,10,Core i5,No SSD,V15 G3 15.6 Inches 12th Gen Core i5 DOS,4GB - 256GB
175,HP,220999,260000.0,15,Core i7,No SSD,ProBook 440 G10 Core i7,8GB-512GB NVMe SSD
176,Apple,544999,600000.0,9,M3,No SSD,Macbook Pro MRX33 M3 Pro 14.2,18GB-512GB
177,Apple,494999,515000.0,4,Core i7,No SSD,MacBook Pro 14.2” MTL83,8GB-1TB
178,Apple,452999,500000.0,9,Core i7,No SSD,Macbook Pro 14 MTL73,8GB-512GB
179,HP,187999,209999.0,10,Core i7,No SSD,250 G10 Raptor Lake 13th Gen Core i7,8GB-512GB
180,HP,261999,330000.0,21,Core i7,No SSD,Pavilion x360 14 EK1056TU  Core i7,16GB-1TB
181,Lenovo,110999,200000.0,45,Core i3,No SSD,V15 G4 Core i3 13th Gen,Not Specified
182,LENOVO,166000,200000.0,17,Core i7,No SSD,THINBOOK 16 13TH CI5 8GB/256GB 16INCH,Not Specified
183,Lenovo,184999,250000.0,26,Core i7,No SSD,V15 G4 Core i7 13th Gen,8GB-512GB
184,HP,107499,120000.0,10,Core i3,No SSD,250 G10 13th Gen Core i3 DOS,Not Specified
185,HP,234999,300000.0,22,Core i7,No SSD,VICTUS 15-FA2701WM Ci5-13420H  RTX-4050-6GB,16GB -512GB
186,HP,229999,300000.0,23,Ultra 7,No SSD,ProBook 460 G11 Ultra 7 155U,Not Specified
187,HP,194999,280000.0,30,Ultra 5,No SSD,ProBook 460 G11 Intel Core Ultra 5 125U,8GB-512GB
188,HP,293999,370000.0,21,Ultra 7,No SSD,EliteBook 640 G11 14 Ultra 7 155U,8GB-512GB
189,HP,302999,370000.0,18,Ultra 7,No SSD,Elitebook 660 G11 U7 | Intel® Core™ Ultra 7 155U,8GB-512GB
190,LENOVO,469999,495000.0,5,Core i7,No SSD,LEGION PRO 5 Ci7-14650HX  RTX-4060-8GB,16GB-1TB
191,HP,174999,200000.0,13,Core i7,No SSD,250 G9 12th Gen Core i7 DOS,Not Specified
192,HP,177999,200000.0,11,Core i7,8GB-512GB SSD,15-FD0229NIA Ci7-1355U  15.6 FHD,8GB-512GB SSD
193,HP,242999,300000.0,19,Core i7,No SSD,Elitebook 650 G10 13th Gen Core I5 1335U,Not Specified
194,ASUS,181999,230000.0,21,Core i7,16GB -512GB SSD,EXPERTBOOK B1403CVA Ci7-1355U,16GB -512GB SSD
195,HP,252999,275000.0,8,Ultra 5,No SSD,Elitebook 660 G11 Ultra 5 125U,Not Specified
196,Apple,412999,450000.0,8,M3,No SSD,MacBook Air MXCV3 M3 8-Core Chip,Not Specified
197,Acer,247999,275000.0,10,Core i7,No SSD,Nitro V15 - Ci5-13420H  RTX 4050 6GB,16GB-512GB
199,Acer,349999,415999.0,16,Core i7,16GB-512GB SSD,Nitro V16 14th Gen Core i7 14650HX,16GB-512GB SSD
200,Dell,344999,370000.0,7,Core i7,8GB-512GB SSD,Latitude 5440 13TH GEN CORE i7 1355U,8GB-512GB SSD
201,LENOVO,283999,299999.0,5,Ultra 7,16GB-512GB SSD,THINKPAD E14 G6 14TH Intel Core Ultra 7 155H,16GB-512GB SSD
202,LENOVO,400999,420000.0,5,Ultra 7,16GB-512GB SSD,THINKPAD T14 14TH GEN Intel Core Ultra 7 155U,16GB-512GB SSD
203,LENOVO,430999,450000.0,4,Ultra 7,32GB-512GB SSD,THINKPAD T14 14TH GEN Intel Core Ultra 7 155U,32GB-512GB SSD
204,HP,167999,220000.0,24,Core i7,No SSD,OMNIBOOK 14 FP0013DX Core 5 120U,8GB-512GB
205,Lenovo,266999,285000.0,6,Core i5,No SSD,loq 15 13th Core i5 13450hx  DOS,24GB-512GB
206,Apple,450999,460000.0,2,M4,No SSD,MacBook Air 15 MW1K3 M4 Chip,Not Specified
207,Dell,184999,219999.0,16,Core i5,8GB-512GB SSD,Latitude 3550 Raptor Lake 13th Gen Core i5 1335U,8GB-512GB SSD
208,LENOVO,261999,310000.0,15,Core i7,No SSD,LOQ 15 Ci5 13450HX,Not Specified
209,HP,416999,450000.0,7,Ultra 7,No SSD,OmniBook Ultra Flip 14-FH0030CA Core Ultra 7 256V,16GB 1TB SSD
210,Lenovo,659999,726000.0,9,Ultra 7,32GB-512GB SSD,ThinkPad X1 Carbon G13 Ultra 7 256V,32GB-512GB SSD
211,HP,195999,249900.0,22,Core i7,512GB SSD,VICTUS 15-FA2013DX Ci5-13420H  RTX 3050 6GB,8GB 512GB SSD
212,HP,233999,275999.0,15,Core i7,16GB-512GB SSD,VICTUS 15-FA2701WM Ci5-13420H  RTX 4050 6GB,16GB-512GB SSD
213,ACER,684999,724000.0,5,Ultra 9,No SSD,PREDATOR HELIOS 16 AI Core Ultra 9 275HX  RTX 5070Ti 12GB,32GB-1TB SSD
214,ASUS,153999,200000.0,23,Core i7,16GB-512GB SSD,EXPERTBOOK B1403CVA Ci5 1334U,16GB-512GB SSD
215,Lenovo,289999,350000.0,17,Core i7,16GB-512GB SSD,ThinkPad E14 G8 U7-255H,16GB-512GB SSD
216,Lenovo,224999,300000.0,25,Ultra 5,8GB-512GB SSD,ThinkPad E16 G3 Ultra 5 225U,8GB-512GB SSD
217,Dell,349999,400000.0,13,Core i7,16GB-512GB SSD,Alienware Aurora 16 Core 7 240H  RTX 5050 8GB,16GB-512GB SSD
218,Dell,197999,250000.0,21,Ultra 5,8GB-512GB SSD,Latitude 3550 Ultra 5-125U,8GB-512GB SSD
219,Asus,179999,215000.0,16,M1,8GB-512GB SSD,VivoBook 16 M1605YA Ryzen 7-7730U,8GB-512GB SSD
220,Dell,440999,480000.0,8,Core i7,No SSD,Alienware 16 Aurora Core 7-240H  RTX 5060 8GB,32GB-1TB SSD
221,HP,239999,280000.0,14,Ultra 7,No SSD,OmniBook 5 16-AF1067ST Ultra 7-255U,16GB-1TB SSD
222,HP,301999,350000.0,14,Core i7,16GB-512GB SSD,Victus 15-FA2317TX Ci7-13620H  RTX 4050 6GB,16GB-512GB SSD
223,Apple,286999,299999.0,4,M4,No SSD,Macbook Air 13 MW0Y3 M4,Not Specified
224,Dell,134499,145000.0,7,Ryzen 5,No SSD,Inspiron 3515 15.6 inches AMD Ryzen 5 3450U,8GB - 256GB
225,Infinix,119999,169999.0,29,Core i7,512GB SSD,INBook X2 1065G7 14 Inches Core i7,8GB RAM - 512GB SSD
226,Apple,242999,380000.0,36,Core i5,No SSD,MacBook Pro A2289 13 Inches Core i5,8GB-512GB
227,HP,145999,174999.0,17,Core i5,No SSD,15s FQ5098TU 15.6 Inches 12th Gen Core i5 Win 11,8GB - 512GB
228,Dell,187499,230000.0,18,Core i7,8GB-512GBSSD,Inspiron 3520 Core i7 12th Gen,8GB-512GBSSD
229,Apple,406999,420000.0,3,M2,No SSD,MacBook Air 15.3 M2 MQKX3,8GB-512GB
230,HP,107999,125000.0,14,Core i3,No SSD,15 FD0336nia 13th Gen Core i3,4GB-256GB
231,Lenovo,205999,238000.0,13,Core i7,No SSD,IdeaPad 5 Core i7 12th Gen,16GB-512GB
232,HP,349999,400000.0,13,Core i7,No SSD,VICTUS 16-R0003NIA Ci7-13700H  RTX 4060 8GB,32GB -1TB SSD
233,ASUS,147999,170000.0,13,Core i7,No SSD,ExpertBook B1 502CB 12th Ci5 235U,Not Specified
234,Apple,399999,449999.0,11,M3,No SSD,MacBook Air 15 Inches With M3 Chip,MRYV3
235,Dell,111999,143000.0,22,Core i7,8GB-512GB SSD,Vostro 3530 Ci3-1305U,8GB-512GB SSD
236,Apple,489999,499999.0,2,M4,No SSD,Macbook Air 15 MC7C4 M4 Chip,Not Specified
237,Acer,295999,305000.0,3,Core i7,16GB-512GB SSD,Nitro V15 13th Gen Core i7-13620H  RTX 4060 8GB Graphics,16GB-512GB SSD
238,Acer,300999,330000.0,9,Core i7,16GB-512GB SSD,Nitro V16 AMD RYZEN 7 8845HS,16GB-512GB SSD
239,HP,346999,370000.0,6,Ultra 9,No SSD,OmniBook 5 16-AF1095CL Core Ultra 9 285H,32GB 1TB
240,HP,344999,380000.0,9,Ultra 7,16GB-512GB SSD,EliteBook 840 G11 Ultra 7-155U vPro,16GB-512GB SSD
241,Dell,147999,165000.0,10,Core i7,8GB-512GB SSD,15 DC15250 Core 3-100U,8GB-512GB SSD
242,HP,200999,249999.0,20,Ryzen 7,No SSD,Pavilion 15 EH2033au 15.6 Inches AMD Ryzen 7 5825U Win 11,16GB - 1TB
243,HP,156999,199999.0,22,Ryzen 5,No SSD,Pavilion 15 EH2032au 15.6 Inches AMD Ryzen 5 5625U Win 11,16GB - 512GB
244,HP,159999,219999.0,27,Core i5,No SSD,15s FD0107TU 15.6 Inches 13th Gen Core i5 1335u Win 11,8GB - 512GB
245,HP,109999,135000.0,19,Core i3,256GB SSD,15-DY5131WM Laptop 12thGen Core i3,"8GB RAM, 256GB SSD"
246,HP,169999,220000.0,23,Core i5,512GB SSD,Envy 14-ES0013DX 13th Gen Core i5-1335U,8GB DDR4-512GB SSD
247,Dell,100999,125000.0,19,Core i3,No SSD,Vostro 3520 12th Gen Core i3 15.6 inches,8GB-512GB
248,HP,150999,185000.0,18,Core i5,No SSD,15 FD0240TU 13th Gen Core i5 1334u,8GB-512GB
249,HP,210999,250000.0,16,Ultra 5,No SSD,Envy 16 AC0013DX Ultra 5 125U,Not Specified
250,ASUS,191999,250000.0,23,Ultra 5,No SSD,ZenBook 14 Q415MA Core Ultra 5 125H,Not Specified
251,Dell,197999,209999.0,6,Core i5,16GB-512GB SSD,Inspiron 16 5640 Core i5-1334U,16GB-512GB SSD
252,LENOVO,241999,279999.0,14,Core i7,No SSD,LOQ 15 Ci5 12450HX,Not Specified
253,Infinix,110999,159999.0,31,Core i5,512GB SSD,INBook X2 1035G1 14 Inches Core i5,8GB RAM - 512GB SSD
254,HP,128999,152000.0,15,Core i3,No SSD,15s FQ5096TU 15.6 Inches 12th Gen Core i3 Win 11,4GB - 256GB
255,HP,150999,180000.0,16,Core i5,No SSD,15S-FQ5317TU Laptop 12th Gen Core i5,8GB-512GB
256,HP,177999,220000.0,19,Core i7,8GB-512GB SSD,15S-FQ5299NIA Laptop 12th Gen Core i7,8GB-512GB SSD
257,HP,115999,126000.0,8,Ryzen 5,No SSD,15s EQ2174AU AMD Ryzen 5 5500U,8GB 512GB
258,Dell,129599,150000.0,14,Core i5,No SSD,Vostro 3520 12th Gen Core i5 15.6 inches,8GB-512GB
259,HP,285999,320000.0,11,Core i7,No SSD,Victus 15-FA0212TX Gaming Laptop 12th Gen Core i7-12650H,16GB-512GB
260,HP,151999,210000.0,28,Ryzen 7,No SSD,15S-EQ2315AU Laptop AMD Ryzen 7-5700U 8GB-512GB,Not Specified
261,HP,231999,292000.0,21,Core i7,8GB-512GB SSD,VICTUS 15-FB2082WM R5-8645HS  RTX-4050-6GB,8GB-512GB SSD
262,HP,401999,425000.0,5,Core i7,No SSD,Spectre x360 14-EF2051TU 13th Gen 1355U,Not Specified
263,Acer,480999,499999.0,4,Core i9,No SSD,Predator Helios Neo PH16-72-903U Intel Core i9-14900HX,32GB-1TB SSD
264,HP,296999,335000.0,11,Core i7,16GB-512GB SSD,Victus 15-FB2146AX R7-8845HS  RTX 4060 8GB,16GB-512GB SSD
266,Infinix,85999,111999.0,23,Core i3,8GB-256GB SSD,INBook Y1 Plus Laptop Core i3  International,8GB-256GB SSD
267,HP,107999,125000.0,14,Core i7,No SSD,Laptop 15S FQ5276NIA i3 12th Gen,4GB-256GB
268,DELL,101999,139999.0,27,Core i3,No SSD,Vostro 15 3520 Laptop 12th Gen Core i3,Not Specified
269,HP,106999,120000.0,11,Core i3,No SSD,15S-FQ5340TU Core i3 12th Gen,8GB-256GB
270,HP,206999,220000.0,6,Ryzen 5,No SSD,15-FB1000CA Ryzen 5 15.6 inches,16GB-1TB
271,HP,116999,150000.0,22,Ryzen 5,No SSD,15s EQ2174AU 15.6 Inches Ryzen 5,8GB-512GB
272,HP,360999,400000.0,10,Core i7,No SSD,Envy 16-H1053DX 13th Gen Core i7-13700H,16GB-1TB
273,HP,230999,300000.0,23,Ultra 7,No SSD,Envy x360 2 in 1 14 FC0023DX Core Ultra 7 Laptop,Not Specified
274,Asus,265999,300000.0,11,Ultra 7,No SSD,Zenbook 14 Q425MA Core Ultra 7 155H,Not Specified
275,Apple,395999,449999.0,12,M3,No SSD,MacBook Air 15 Inches With M3 Chip,MXD43
276,Acer,430999,550000.0,22,Ultra 9,No SSD,Predator Helios Neo PHN14-51-97X1 Intel Core Ultra 9-185H,32GB-1TB SSD
277,Lenovo,176999,199999.0,12,Core i5,16GB-512GB SSD,IdeaPad Slim 5 Core i5 13420H DOS,16GB-512GB SSD
278,HP,173999,199999.0,13,Core i7,No SSD,15s FQ5099TU 15.6 Inches 12th Gen Core i7 Win 11,8GB - 512GB
279,Lenovo,144599,174999.0,17,Core i5,No SSD,Ideapad 5 15.6 Inches 11th Gen Core i5 DOS,8GB - 512GB
280,Lenovo,155999,184999.0,16,Core i7,No SSD,Ideapad 3 15.6 Inches 11th Gen Core i7 DOS,8GB - 1TB
281,HP,152999,189999.0,19,Core i7,No SSD,250 G9 15.6 Inches 12th Gen core i5 DOS,8GB - 512GB
282,DELL,134999,170000.0,21,Core i5,No SSD,Vostro 15 3520 Laptop 12th Gen Core i5,Not Specified
283,ASUS,156999,200000.0,22,Core i7,No SSD,Expertbook B1402CVA 13th Gen Core i7,16GB-512GB
284,Apple,288999,400000.0,28,M3,No SSD,MACBOOK AIR 13” M3 CHIP MRXV3 8-256,Not Specified
285,HP,198499,245000.0,19,Ryzen 7,No SSD,Pavilion 15 EH3050au - AMD Ryzen 7 7730U Octa Core,16GB-1TB
286,HP,251999,299000.0,16,Ultra 7,No SSD,Envy 2 in 1 16 AC0023dx Intel Core Ultra 7 155U Processor,16GB-1tb
287,HP,222999,270000.0,17,Core i7,No SSD,15s FD0110TU - Raptor Lake - 13th Gen Core i7,16GB-512GB
288,Lenovo,141999,180000.0,21,Ryzen 5,No SSD,ThinkPad E14 Gen 4 Ryzen 5 DOS,Not Specified
289,Apple,288999,300000.0,4,M3,No SSD,MacBook Air MRXN3 M3 8-Core Chip,Not Specified
290,Dell,189999,219999.0,14,Core i7,16GB-512GB SSD,Inspiron 15 3530 13th Gen Core i7 1355U,16GB-512GB SSD
291,Dell,134499,142999.0,6,Ryzen 7,16GB-512GB SSD,Inspiron 3535 AMD Ryzen 7-7730U,16GB-512GB SSD
292,Acer,430999,449999.0,4,Core i9,No SSD,Predator Helios Neo PH16-72-99PA Intel Core i9-14900HX,32GB-1TB SSD
293,Acer,781999,950000.0,18,Core i9,No SSD,Predator Helios Neo PH16-72-97T1 Intel Core i9-14900HX,32GB-1TB SSD
294,ASUS,499999,550000.0,9,Ryzen 9,No SSD,ROG Zephyrus G14 GA403UM Ryzen 9-270  RTX 5060 8GB,16GB-1TB SSD
